Milliseconds,Signal Strength (dBm)
1739402960774,-74
1739402960774,-74
1739402960877,-74
1739402961000,-74
1739402961068,-74
1739402961206,-74
1739402961325,-74
1739402961382,-74
1739402961436,-74
1739402961572,-74
1739402961689,-74
1739402961748,-74
1739402961795,-74
1739402961867,-74
1739402961989,-74
1739402962093,-74
1739402962189,-74
1739402962305,-74
1739402962393,-74
1739402962451,-74
1739402962501,-74
1739402962562,-74
1739402962678,-74
1739402962809,-74
1739402962820,-74
1739402962878,-74
1739402963020,-74
1739402963076,-74
1739402963161,-74
1739402963214,-74
1739402963287,-74
1739402963346,-74
1739402963410,-74
1739402963474,-74
1739402963617,-74
1739402963757,-74
1739402963828,-74
1739402963894,-74
1739402963985,-74
1739402964111,-74
1739402964162,-74
1739402964221,-74
1739402964365,-74
1739402964437,-74
1739402964494,-74
1739402964598,-74
1739402964684,-74
1739402964825,-74
1739402964842,-74
1739402964965,-74
1739402965062,-74
1739402965132,-74
1739402965220,-74
1739402965272,-74
1739402965352,-74
1739402965481,-74
1739402965598,-74
1739402965738,-74
1739402965801,-74
1739402965858,-74
1739402965875,-74
1739402966021,-74
1739402966090,-74
1739402966226,-74
1739402966369,-74
1739402966433,-74
1739402966518,-74
1739402966578,-74
1739402966666,-74
1739402966803,-74
1739402966864,-74
1739402966872,-74
1739402966979,-74
1739402967078,-74
1739402967194,-74
1739402967252,-74
1739402967342,-74
1739402967421,-74
1739402967530,-74
1739402967675,-74
1739402967742,-74
1739402967852,-74
1739402967887,-74
1739402967997,-74
1739402968052,-74
1739402968172,-74
1739402968240,-74
1739402968297,-74
1739402968425,-74
1739402968525,-74
1739402968665,-74
1739402968792,-74
1739402968908,-74
1739402968921,-74
1739402969004,-74
1739402969116,-74
1739402969228,-74
1739402969290,-74
1739402969352,-74
1739402969439,-74
1739402969530,-74
1739402969584,-74
1739402969678,-74
1739402969768,-74
1739402969867,-74
1739402969929,-74
1739402969939,-74
1739402969995,-74
1739402970098,-74
1739402970155,-74
1739402970262,-74
1739402970360,-74
1739402970457,-74
1739402970514,-74
1739402970642,-74
1739402970698,-74
1739402970782,-74
1739402970894,-74
1739402970940,-74
1739402971020,-74
1739402971111,-74
1739402971171,-74
1739402971290,-74
1739402971344,-74
1739402971459,-74
1739402971551,-74
1739402971632,-74
1739402971749,-74
1739402971825,-74
1739402971950,-74
1739402971962,-74
1739402972004,-74
1739402972099,-74
1739402972207,-74
1739402972263,-74
1739402972316,-74
1739402972369,-74
1739402972420,-74
1739402972516,-74
1739402972596,-74
1739402972734,-74
1739402972793,-74
1739402972908,-74
1739402972988,-74
1739402973035,-74
1739402973176,-74
1739402973248,-74
1739402973322,-74
1739402973412,-74
1739402973502,-74
1739402973593,-74
1739402973700,-74
1739402973815,-74
1739402973865,-74
1739402973982,-74
1739402974003,-74
1739402974094,-74
1739402974156,-74
1739402974226,-74
1739402974282,-74
1739402974372,-74
1739402974507,-74
1739402974646,-74
1739402974750,-74
1739402974851,-74
1739402974943,-74
1739402975019,-74
1739402975081,-74
1739402975162,-74
1739402975257,-74
1739402975324,-74
1739402975469,-74
1739402975537,-74
1739402975632,-74
1739402975780,-74
1739402975919,-74
1739402976042,-74
1739402976043,-74
1739402976181,-74
1739402976256,-74
1739402976374,-74
1739402976466,-74
1739402976527,-74
1739402976653,-74
1739402976735,-74
1739402976803,-74
1739402976855,-74
1739402976922,-74
1739402977066,-74
1739402977071,-74
1739402977214,-74
1739402977334,-74
1739402977464,-74
1739402977515,-74
1739402977639,-74
1739402977703,-74
1739402977785,-74
1739402977920,-74
1739402978058,-74
1739402978092,-74
1739402978180,-74
1739402978269,-74
1739402978390,-74
1739402978529,-74
1739402978619,-74
1739402978676,-74
1739402978728,-74
1739402978859,-74
1739402978982,-74
1739402979114,-74
1739402979126,-74
1739402979224,-74
1739402979299,-74
1739402979429,-74
1739402979493,-74
1739402979573,-74
1739402979672,-74
1739402979798,-74
1739402979942,-74
1739402980058,-74
1739402980132,-74
1739402980182,-74
1739402980265,-74
1739402980410,-74
1739402980499,-74
1739402980596,-74
1739402980700,-74
1739402980792,-74
1739402980933,-74
1739402981065,-74
1739402981148,-74
1739402981206,-74
1739402981281,-74
1739402981341,-74
1739402981438,-74
1739402981511,-74
1739402981653,-74
1739402981717,-74
1739402981801,-74
1739402981941,-74
1739402982085,-74
1739402982235,-74
1739402982337,-74
1739402982475,-74
1739402982525,-74
1739402982662,-74
1739402982751,-74
1739402982845,-74
1739402982908,-74
1739402982960,-74
1739402983039,-74
1739402983116,-74
1739402983181,-74
1739402983241,-74
1739402983315,-74
1739402983444,-74
1739402983527,-74
1739402983603,-74
1739402983699,-74
1739402983781,-74
1739402983922,-74
1739402984061,-74
1739402984205,-74
1739402984345,-74
1739402984431,-74
1739402984490,-74
1739402984611,-74
1739402984697,-74
1739402984803,-74
1739402984889,-74
1739402984957,-74
1739402985036,-74
1739402985115,-74
1739402985168,-74
1739402985221,-74
1739402985295,-74
1739402985402,-74
1739402985527,-74
1739402985626,-74
1739402985700,-74
1739402985822,-74
1739402985906,-74
1739402985966,-74
1739402986093,-74
1739402986171,-74
1739402986315,-74
1739402986404,-74
1739402986466,-74
1739402986549,-74
1739402986659,-74
1739402986775,-74
1739402986908,-74
1739402986962,-74
1739402987099,-74
1739402987191,-74
1739402987248,-74
1739402987328,-74
1739402987427,-74
1739402987573,-74
1739402987654,-74
1739402987747,-74
1739402987850,-74
1739402987911,-74
1739402988025,-74
1739402988143,-74
1739402988231,-74
1739402988355,-74
1739402988443,-74
1739402988499,-74
1739402988555,-74
1739402988610,-74
1739402988666,-74
1739402988768,-74
1739402988908,-74
1739402989037,-74
1739402989108,-74
1739402989226,-74
1739402989340,-74
1739402989466,-74
1739402989595,-74
1739402989721,-74
1739402989782,-74
1739402989885,-74
1739402989987,-74
1739402990083,-74
1739402990223,-74
1739402990298,-74
1739402990358,-74
1739402990467,-74
1739402990562,-74
1739402990661,-74
1739402990791,-74
1739402990941,-74
1739402991078,-74
1739402991149,-74
1739402991202,-74
1739402991338,-74
1739402991428,-74
1739402991549,-74
1739402991668,-74
1739402991817,-74
1739402991874,-74
1739402991927,-74
1739402992038,-74
1739402992139,-74
1739402992259,-74
1739402992378,-74
1739402992475,-74
1739402992541,-74
1739402992601,-74
1739402992667,-74
1739402992730,-74
1739402992824,-74
1739402992958,-74
1739402993015,-74
1739402993143,-74
1739402993292,-74
1739402993361,-74
1739402993440,-74
1739402993572,-74
1739402993691,-74
1739402993752,-74
1739402993826,-74
1739402993956,-74
1739402994036,-74
1739402994157,-74
1739402994230,-74
1739402994308,-74
1739402994436,-74
1739402994558,-74
1739402994663,-74
1739402994733,-74
1739402994814,-74
1739402994895,-74
1739402994987,-74
1739402995098,-74
1739402995220,-74
1739402995315,-74
1739402995454,-74
1739402995602,-74
1739402995677,-74
1739402995805,-74
1739402995952,-74
1739402996031,-74
1739402996157,-74
1739402996216,-74
1739402996302,-74
1739402996414,-74
1739402996553,-74
1739402996623,-74
1739402996773,-74
1739402996850,-74
1739402996978,-74
1739402997081,-74
1739402997177,-74
1739402997321,-74
1739402997378,-74
1739402997503,-74
1739402997564,-74
1739402997686,-74
1739402997773,-74
1739402997889,-74
1739402998009,-74
1739402998149,-74
1739402998253,-74
1739402998384,-74
1739402998442,-74
1739402998521,-74
1739402998575,-74
1739402998645,-74
1739402998767,-74
1739402998844,-74
1739402998936,-74
1739402999018,-74
1739402999082,-74
1739402999177,-74
1739402999228,-74
1739402999291,-74
1739402999355,-74
1739402999434,-74
1739402999563,-74
1739402999695,-74
1739402999821,-74
1739402999924,-74
1739403000042,-74
1739403000183,-74
1739403000311,-74
1739403000384,-74
1739403000462,-74
1739403000567,-74
1739403000675,-74
1739403000793,-74
1739403000848,-74
1739403000996,-74
1739403001105,-74
1739403001169,-74
1739403001316,-74
1739403001410,-74
1739403001497,-74
1739403001644,-74
1739403001728,-74
1739403001787,-74
1739403001840,-74
1739403001974,-74
1739403002051,-74
1739403002146,-74
1739403002205,-74
1739403002278,-74
1739403002417,-74
1739403002553,-74
1739403002633,-74
1739403002747,-74
1739403002856,-74
1739403002910,-74
1739403003045,-74
1739403003128,-74
1739403003196,-74
1739403003285,-74
1739403003420,-74
1739403003518,-74
1739403003603,-74
1739403003664,-74
1739403003772,-74
1739403003837,-74
1739403003922,-74
1739403004039,-74
1739403004180,-74
1739403004281,-74
1739403004419,-74
1739403004555,-74
1739403004681,-74
1739403004796,-74
1739403004923,-74
1739403004973,-74
1739403005064,-74
1739403005211,-74
1739403005276,-74
1739403005374,-74
1739403005444,-74
1739403005589,-74
1739403005703,-74
1739403005812,-74
1739403005911,-74
1739403006009,-74
1739403006085,-74
1739403006198,-74
1739403006319,-74
1739403006419,-74
1739403006485,-74
1739403006587,-74
1739403006662,-74
1739403006779,-74
1739403006865,-74
1739403007001,-74
1739403007097,-74
1739403007220,-74
1739403007355,-74
1739403007441,-74
1739403007553,-74
1739403007648,-74
1739403007732,-74
1739403007791,-74
1739403007846,-74
1739403007905,-74
1739403007998,-74
1739403008093,-74
1739403008169,-74
1739403008265,-74
1739403008345,-74
1739403008465,-74
1739403008531,-74
1739403008591,-74
1739403008710,-74
1739403008849,-74
1739403008913,-74
1739403009043,-74
1739403009139,-74
1739403009251,-74
1739403009303,-74
1739403009419,-74
1739403009555,-74
1739403009662,-74
1739403009799,-74
1739403009898,-74
1739403009999,-74
1739403010121,-74
1739403010193,-74
1739403010300,-74
1739403010445,-74
1739403010502,-74
1739403010651,-74
1739403010713,-74
1739403010842,-74
1739403010900,-74
1739403010967,-74
1739403011113,-74
1739403011181,-74
1739403011327,-74
1739403011388,-74
1739403011526,-74
1739403011652,-74
1739403011723,-74
1739403011803,-74
1739403011872,-74
1739403011996,-74
1739403012068,-74
1739403012181,-74
1739403012310,-74
1739403012456,-74
1739403012588,-74
1739403012731,-74
1739403012825,-74
1739403012892,-74
1739403013012,-74
1739403013073,-74
1739403013220,-74
1739403013271,-74
1739403013413,-74
1739403013528,-74
1739403013602,-74
1739403013684,-74
1739403013802,-74
1739403013873,-74
1739403013932,-74
1739403014064,-74
1739403014200,-74
1739403014289,-74
1739403014378,-74
1739403014481,-74
1739403014544,-74
1739403014633,-74
1739403014685,-74
1739403014831,-74
1739403014966,-74
1739403015058,-74
1739403015150,-74
1739403015220,-74
1739403015350,-74
1739403015413,-74
1739403015504,-74
1739403015650,-74
1739403015711,-74
1739403015860,-74
1739403015988,-74
1739403016097,-74
1739403016197,-74
1739403016333,-74
1739403016385,-74
1739403016517,-74
1739403016626,-74
1739403016703,-74
1739403016782,-74
1739403016927,-74
1739403017044,-74
1739403017172,-74
1739403017230,-74
1739403017362,-74
1739403017451,-74
1739403017530,-74
1739403017646,-74
1739403017764,-74
1739403017905,-74
1739403018006,-74
1739403018060,-74
1739403018192,-74
1739403018322,-74
1739403018453,-74
1739403018579,-74
1739403018644,-74
1739403018778,-74
1739403018914,-74
1739403018984,-74
1739403019041,-74
1739403019091,-74
1739403019199,-74
1739403019316,-74
1739403019373,-74
1739403019435,-74
1739403019485,-74
1739403019543,-74
1739403019657,-74
1739403019786,-74
1739403019864,-74
1739403019978,-74
1739403020051,-74
1739403020191,-74
1739403020306,-74
1739403020367,-74
1739403020497,-74
1739403020566,-74
1739403020713,-74
1739403020795,-74
1739403020887,-74
1739403020956,-74
1739403021026,-74
1739403021157,-74
1739403021298,-74
1739403021392,-74
1739403021485,-74
1739403021605,-74
1739403021701,-74
1739403021766,-74
1739403021909,-74
1739403021967,-74
1739403022074,-74
1739403022131,-74
1739403022196,-74
1739403022278,-74
1739403022405,-74
1739403022480,-74
1739403022566,-74
1739403022695,-74
1739403022845,-74
1739403022933,-74
1739403023060,-74
1739403023145,-74
1739403023256,-74
1739403023379,-74
1739403023457,-74
1739403023574,-74
1739403023667,-74
1739403023763,-74
1739403023906,-74
1739403024010,-74
1739403024067,-74
1739403024126,-74
1739403024236,-74
1739403024307,-74
1739403024439,-74
1739403024576,-74
1739403024717,-74
1739403024821,-74
1739403024930,-74
1739403025009,-74
1739403025065,-74
1739403025210,-74
1739403025316,-74
1739403025447,-74
1739403025582,-74
1739403025691,-74
1739403025765,-74
1739403025901,-74
1739403025975,-74
1739403026079,-74
1739403026160,-74
1739403026290,-74
1739403026431,-74
1739403026546,-74
1739403026645,-74
1739403026719,-74
1739403026807,-74
1739403026875,-74
1739403026936,-74
1739403027002,-74
1739403027109,-74
1739403027214,-74
1739403027322,-74
1739403027432,-74
1739403027513,-74
1739403027608,-74
1739403027728,-74
1739403027815,-74
1739403027930,-74
1739403027995,-74
1739403028062,-74
1739403028164,-74
1739403028269,-74
1739403028376,-74
1739403028451,-74
1739403028586,-74
1739403028706,-74
1739403028850,-74
1739403028901,-74
1739403028969,-74
1739403029118,-74
1739403029219,-74
1739403029308,-74
1739403029414,-74
1739403029547,-74
1739403029660,-74
1739403029743,-74
1739403029854,-74
1739403029907,-74
1739403030020,-74
1739403030150,-74
1739403030260,-74
1739403030357,-74
1739403030477,-74
1739403030577,-74
1739403030639,-74
1739403030758,-74
1739403030864,-74
1739403030975,-74
1739403031061,-74
1739403031188,-74
1739403031332,-74
1739403031431,-74
1739403031540,-74
1739403031594,-74
1739403031701,-74
1739403031846,-74
1739403031973,-74
1739403032030,-74
1739403032119,-74
1739403032213,-74
1739403032269,-74
1739403032418,-74
1739403032493,-74
1739403032623,-74
1739403032769,-74
1739403032904,-74
1739403032982,-74
1739403033093,-74
1739403033164,-74
1739403033223,-74
1739403033295,-74
1739403033348,-74
1739403033437,-74
1739403033573,-74
1739403033720,-74
1739403033787,-74
1739403033916,-74
1739403033978,-74
1739403034073,-74
1739403034203,-74
1739403034294,-74
1739403034383,-74
1739403034443,-74
1739403034541,-74
1739403034639,-74
1739403034757,-74
1739403034860,-74
1739403034956,-74
1739403035031,-74
1739403035170,-74
1739403035225,-74
1739403035286,-74
1739403035360,-74
1739403035470,-74
1739403035558,-74
1739403035669,-74
1739403035801,-74
1739403035932,-74
1739403036001,-74
1739403036098,-74
1739403036164,-74
1739403036305,-74
1739403036361,-74
1739403036442,-74
1739403036590,-74
1739403036663,-74
1739403036749,-74
1739403036870,-74
1739403036948,-74
1739403037056,-74
1739403037141,-74
1739403037211,-74
1739403037356,-74
1739403037430,-74
1739403037525,-74
1739403037638,-74
1739403037784,-74
1739403037884,-74
1739403038029,-74
1739403038173,-74
1739403038311,-74
1739403038375,-74
1739403038436,-74
1739403038545,-74
1739403038628,-74
1739403038697,-74
1739403038769,-74
1739403038872,-74
1739403039009,-74
1739403039137,-74
1739403039252,-74
1739403039389,-74
1739403039522,-74
1739403039625,-74
1739403039735,-74
1739403039864,-74
1739403039978,-74
1739403040086,-74
1739403040168,-74
1739403040314,-74
1739403040415,-74
1739403040559,-74
1739403040659,-74
1739403040764,-74
1739403040879,-74
1739403040940,-74
1739403041017,-74
1739403041094,-74
1739403041184,-74
1739403041306,-74
1739403041366,-74
1739403041501,-74
1739403041639,-74
1739403041780,-74
1739403041857,-74
1739403041963,-74
1739403042061,-74
1739403042154,-74
1739403042232,-74
1739403042316,-74
1739403042418,-74
1739403042539,-74
1739403042653,-74
1739403042770,-74
1739403042857,-74
1739403042998,-74
1739403043088,-74
1739403043214,-74
1739403043292,-74
1739403043362,-74
1739403043437,-74
1739403043579,-74
1739403043635,-74
1739403043749,-74
1739403043802,-74
1739403043917,-74
1739403044040,-74
1739403044183,-74
1739403044263,-74
1739403044316,-74
1739403044387,-74
1739403044445,-74
1739403044518,-74
1739403044658,-74
1739403044743,-74
1739403044861,-74
1739403044984,-74
1739403045078,-74
1739403045149,-74
1739403045283,-74
1739403045425,-74
1739403045480,-74
1739403045577,-74
1739403045716,-74
1739403045837,-74
1739403045981,-74
1739403046041,-74
1739403046121,-74
1739403046174,-74
1739403046307,-74
1739403046454,-74
1739403046600,-74
1739403046684,-74
1739403046833,-74
1739403046938,-74
1739403047015,-74
1739403047151,-74
1739403047259,-74
1739403047322,-74
1739403047382,-74
1739403047470,-74
1739403047589,-74
1739403047653,-74
1739403047750,-74
1739403047875,-74
1739403048000,-74
1739403048062,-74
1739403048127,-74
1739403048206,-74
1739403048334,-74
1739403048463,-74
1739403048532,-74
1739403048677,-74
1739403048793,-74
1739403048893,-74
1739403049035,-74
1739403049144,-74
1739403049267,-74
1739403049329,-74
1739403049394,-74
1739403049525,-74
1739403049581,-74
1739403049698,-74
1739403049810,-74
1739403049897,-74
1739403049986,-74
1739403050095,-74
1739403050219,-74
1739403050352,-74
1739403050426,-74
1739403050544,-74
1739403050655,-74
1739403050792,-74
1739403050888,-74
1739403050938,-74
1739403051072,-74
1739403051220,-74
1739403051339,-74
1739403051483,-74
1739403051618,-74
1739403051756,-74
1739403051900,-74
1739403052008,-74
1739403052127,-74
1739403052215,-74
1739403052310,-74
1739403052388,-74
1739403052499,-74
1739403052643,-74
1739403052764,-74
1739403052835,-74
1739403052966,-74
1739403053027,-74
1739403053171,-74
1739403053257,-74
1739403053381,-74
1739403053484,-74
1739403053607,-74
1739403053701,-74
1739403053826,-74
1739403053889,-74
1739403053965,-74
1739403054100,-74
1739403054209,-74
1739403054317,-74
1739403054446,-74
1739403054585,-74
1739403054673,-74
1739403054733,-74
1739403054795,-74
1739403054878,-74
1739403054975,-74
1739403055109,-74
1739403055187,-74
1739403055294,-74
1739403055410,-74
1739403055461,-74
1739403055590,-74
1739403055643,-74
1739403055703,-74
1739403055783,-74
1739403055894,-74
1739403056038,-74
1739403056094,-74
1739403056208,-74
1739403056280,-74
1739403056396,-74
1739403056461,-74
1739403056559,-74
1739403056707,-74
1739403056759,-74
1739403056834,-74
1739403056898,-74
1739403056960,-74
1739403057077,-74
1739403057148,-74
1739403057222,-74
1739403057280,-74
1739403057356,-74
1739403057448,-74
1739403057590,-74
1739403057662,-74
1739403057734,-74
1739403057793,-74
1739403057845,-74
1739403057992,-74
1739403058079,-74
1739403058190,-74
1739403058322,-74
1739403058427,-74
1739403058534,-74
1739403058584,-74
1739403058646,-74
1739403058740,-74
1739403058887,-74
1739403058986,-74
1739403059082,-74
1739403059204,-74
1739403059296,-74
1739403059385,-74
1739403059508,-74
1739403059647,-74
1739403059741,-74
1739403059844,-74
1739403059965,-74
1739403060016,-74
1739403060115,-74
1739403060233,-74
1739403060330,-74
1739403060465,-74
1739403060606,-74
1739403060685,-74
1739403060740,-74
1739403060858,-74
1739403060979,-74
1739403061050,-74
1739403061112,-74
1739403061204,-74
1739403061280,-74
1739403061429,-74
1739403061488,-74
1739403061609,-74
1739403061734,-74
1739403061829,-74
1739403061891,-74
1739403062013,-74
1739403062147,-74
1739403062207,-74
1739403062277,-74
1739403062327,-74
1739403062464,-74
1739403062523,-74
1739403062582,-74
1739403062701,-74
1739403062792,-74
1739403062917,-74
1739403063018,-74
1739403063167,-74
1739403063290,-74
1739403063379,-74
1739403063451,-74
1739403063591,-74
1739403063730,-74
1739403063802,-74
1739403063894,-74
1739403063962,-74
1739403064089,-74
1739403064216,-74
1739403064274,-74
1739403064364,-74
1739403064428,-74
1739403064512,-74
1739403064638,-74
1739403064763,-74
1739403064820,-74
1739403064870,-74
1739403065001,-74
1739403065108,-74
1739403065212,-74
1739403065306,-74
1739403065392,-74
1739403065531,-74
1739403065581,-74
1739403065688,-74
1739403065809,-74
1739403065869,-74
1739403065980,-74
1739403066078,-74
1739403066183,-74
1739403066266,-74
1739403066377,-74
1739403066518,-74
1739403066662,-74
1739403066802,-74
1739403066885,-74
1739403066995,-74
1739403067050,-74
1739403067129,-74
1739403067229,-74
1739403067283,-74
1739403067405,-74
1739403067498,-74
1739403067572,-74
1739403067679,-74
1739403067758,-74
1739403067882,-74
1739403068018,-74
1739403068108,-74
1739403068240,-74
1739403068369,-74
1739403068426,-74
1739403068544,-74
1739403068651,-74
1739403068797,-74
1739403068921,-74
1739403069000,-74
1739403069055,-74
1739403069199,-74
1739403069281,-74
1739403069392,-74
1739403069523,-74
1739403069623,-74
1739403069690,-74
1739403069830,-74
1739403069902,-74
1739403069979,-74
1739403070031,-74
1739403070153,-74
1739403070247,-74
1739403070383,-74
1739403070510,-74
1739403070639,-74
1739403070733,-74
1739403070796,-74
1739403070911,-74
1739403071036,-74
1739403071185,-74
1739403071274,-74
1739403071396,-74
1739403071464,-74
1739403071610,-74
1739403071744,-74
1739403071828,-74
1739403071943,-74
1739403072057,-74
1739403072174,-74
1739403072239,-74
1739403072384,-74
1739403072482,-74
1739403072539,-74
1739403072676,-74
1739403072758,-74
1739403072841,-74
1739403072903,-74
1739403072989,-74
1739403073131,-74
1739403073251,-74
1739403073340,-74
1739403073457,-74
1739403073557,-74
1739403073681,-74
1739403073829,-74
1739403073943,-74
1739403074078,-74
1739403074173,-74
1739403074289,-74
1739403074345,-74
1739403074428,-74
1739403074492,-74
1739403074555,-74
1739403074630,-74
1739403074740,-74
1739403074869,-74
1739403074933,-74
1739403075060,-74
1739403075116,-74
1739403075254,-74
1739403075316,-74
1739403075459,-74
1739403075513,-74
1739403075616,-74
1739403075702,-74
1739403075794,-74
1739403075906,-74
1739403075993,-74
1739403076052,-74
1739403076130,-74
1739403076187,-74
1739403076269,-74
1739403076335,-74
1739403076389,-74
1739403076474,-74
1739403076572,-74
1739403076703,-74
1739403076814,-74
1739403076930,-74
1739403077049,-74
1739403077147,-74
1739403077204,-74
1739403077258,-74
1739403077313,-74
1739403077392,-74
1739403077489,-74
1739403077550,-74
1739403077656,-74
1739403077729,-74
1739403077811,-74
1739403077922,-74
1739403078030,-74
1739403078156,-74
1739403078230,-74
1739403078290,-74
1739403078365,-74
1739403078440,-74
1739403078521,-74
1739403078618,-74
1739403078691,-74
1739403078755,-74
1739403078831,-74
1739403078962,-74
1739403079032,-74
1739403079155,-74
1739403079224,-74
1739403079357,-74
1739403079468,-74
1739403079556,-74
1739403079687,-74
1739403079800,-74
1739403079887,-74
1739403079987,-74
1739403080078,-74
1739403080196,-74
1739403080335,-74
1739403080433,-74
1739403080551,-74
1739403080689,-74
1739403080833,-74
1739403080963,-74
1739403081037,-74
1739403081156,-74
1739403081248,-74
1739403081346,-74
1739403081423,-74
1739403081495,-74
1739403081580,-74
1739403081641,-74
1739403081776,-74
1739403081873,-74
1739403081958,-74
1739403082071,-74
1739403082146,-74
1739403082280,-74
1739403082399,-74
1739403082454,-74
1739403082532,-74
1739403082584,-74
1739403082684,-74
1739403082791,-74
1739403082902,-74
1739403082980,-74
1739403083066,-74
1739403083204,-74
1739403083291,-74
1739403083387,-74
1739403083497,-74
1739403083618,-74
1739403083721,-74
1739403083862,-74
1739403083973,-74
1739403084043,-74
1739403084159,-74
1739403084281,-74
1739403084365,-74
1739403084475,-74
1739403084579,-74
1739403084667,-74
1739403084749,-74
1739403084825,-74
1739403084892,-74
1739403085012,-74
1739403085070,-74
1739403085161,-74
1739403085287,-74
1739403085350,-74
1739403085430,-74
1739403085493,-74
1739403085561,-74
1739403085689,-74
1739403085831,-74
1739403085943,-74
1739403086049,-74
1739403086132,-74
1739403086197,-74
1739403086271,-74
1739403086369,-74
1739403086519,-74
1739403086588,-74
1739403086672,-74
1739403086815,-74
1739403086880,-74
1739403087022,-74
1739403087143,-74
1739403087241,-74
1739403087372,-74
1739403087432,-74
1739403087577,-74
1739403087661,-74
1739403087724,-74
1739403087791,-74
1739403087905,-74
1739403088035,-74
1739403088116,-74
1739403088195,-74
1739403088245,-74
1739403088312,-74
1739403088410,-74
1739403088525,-74
1739403088629,-74
1739403088714,-74
1739403088768,-74
1739403088887,-74
1739403088943,-74
1739403089044,-74
1739403089184,-74
1739403089303,-74
1739403089378,-74
1739403089460,-74
1739403089531,-74
1739403089649,-74
1739403089731,-74
1739403089829,-74
1739403089881,-74
1739403089980,-74
1739403090070,-74
1739403090184,-74
1739403090241,-74
1739403090377,-74
1739403090484,-74
1739403090630,-74
1739403090730,-74
1739403090784,-74
1739403090911,-74
1739403091051,-74
1739403091143,-74
1739403091269,-74
1739403091395,-74
1739403091498,-74
1739403091573,-74
1739403091715,-74
1739403091800,-74
1739403091885,-74
1739403091939,-74
1739403092016,-74
1739403092088,-74
1739403092158,-74
1739403092214,-74
1739403092264,-74
1739403092351,-74
1739403092472,-74
1739403092601,-74
1739403092665,-74
1739403092802,-74
1739403092904,-74
1739403093017,-74
1739403093084,-74
1739403093233,-74
1739403093296,-74
1739403093428,-74
1739403093547,-74
1739403093630,-74
1739403093700,-74
1739403093750,-74
1739403093852,-74
1739403093997,-74
1739403094086,-74
1739403094200,-74
1739403094317,-74
1739403094444,-74
1739403094545,-74
1739403094633,-74
1739403094709,-74
1739403094777,-74
1739403094847,-74
1739403094931,-74
1739403094982,-74
1739403095097,-74
1739403095246,-74
1739403095314,-74
1739403095428,-74
1739403095510,-74
1739403095590,-74
1739403095703,-74
1739403095844,-74
1739403095964,-74
1739403096060,-74
1739403096206,-74
1739403096267,-74
1739403096337,-74
1739403096485,-74
1739403096579,-74
1739403096689,-74
1739403096817,-74
1739403096965,-74
1739403097113,-74
1739403097259,-74
1739403097406,-74
1739403097528,-74
1739403097609,-74
1739403097677,-74
1739403097728,-74
1739403097827,-74
1739403097951,-74
1739403098039,-74
1739403098143,-74
1739403098239,-74
1739403098365,-74
1739403098474,-74
1739403098530,-74
1739403098633,-74
1739403098718,-74
1739403098820,-74
1739403098906,-74
1739403098961,-74
1739403099071,-74
1739403099204,-74
1739403099292,-74
1739403099350,-74
1739403099498,-74
1739403099613,-74
1739403099709,-74
1739403099809,-74
1739403099935,-74
1739403100068,-74
1739403100202,-74
1739403100274,-74
1739403100348,-74
1739403100427,-74
1739403100517,-74
1739403100598,-74
1739403100744,-74
1739403100882,-74
1739403100956,-74
1739403101038,-74
1739403101102,-74
1739403101186,-74
1739403101244,-74
1739403101355,-74
1739403101405,-74
1739403101552,-74
1739403101689,-74
1739403101811,-74
1739403101899,-74
1739403101966,-74
1739403102046,-74
1739403102134,-74
1739403102211,-74
1739403102275,-74
1739403102424,-74
1739403102529,-74
1739403102616,-74
1739403102730,-74
1739403102844,-74
1739403102986,-74
1739403103055,-74
1739403103110,-74
1739403103168,-74
1739403103253,-74
1739403103363,-74
1739403103423,-74
1739403103505,-74
1739403103612,-74
1739403103740,-74
1739403103868,-74
1739403103967,-74
1739403104100,-74
1739403104168,-74
1739403104265,-74
1739403104317,-74
1739403104420,-74
1739403104546,-74
1739403104633,-74
1739403104752,-74
1739403104859,-74
1739403104979,-74
1739403105075,-74
1739403105131,-74
1739403105248,-74
1739403105299,-74
1739403105418,-74
1739403105517,-74
1739403105572,-74
1739403105675,-74
1739403105729,-74
1739403105822,-74
1739403105971,-74
1739403106036,-74
1739403106105,-74
1739403106183,-74
1739403106314,-74
1739403106409,-74
1739403106538,-74
1739403106644,-74
1739403106761,-74
1739403106846,-74
1739403106996,-74
1739403107048,-74
1739403107155,-74
1739403107231,-74
1739403107367,-74
1739403107487,-74
1739403107600,-74
1739403107684,-74
1739403107803,-74
1739403107945,-74
1739403108084,-74
1739403108233,-74
1739403108353,-74
1739403108428,-74
1739403108484,-74
1739403108538,-74
1739403108642,-74
1739403108749,-74
1739403108875,-74
1739403108963,-74
1739403109030,-74
1739403109162,-74
1739403109237,-74
1739403109329,-74
1739403109444,-74
1739403109556,-74
1739403109661,-74
1739403109744,-74
1739403109878,-74
1739403110011,-74
1739403110101,-74
1739403110198,-74
1739403110283,-74
1739403110380,-74
1739403110450,-74
1739403110572,-74
1739403110704,-74
1739403110833,-74
1739403110952,-74
1739403111003,-74
1739403111138,-74
1739403111211,-74
1739403111305,-74
1739403111409,-74
1739403111485,-74
1739403111599,-74
1739403111718,-74
1739403111856,-74
1739403111945,-74
1739403111999,-74
1739403112138,-74
1739403112253,-74
1739403112392,-74
1739403112482,-74
1739403112543,-74
1739403112655,-74
1739403112784,-74
1739403112917,-74
1739403112968,-74
1739403113095,-74
1739403113184,-74
1739403113246,-74
1739403113327,-74
1739403113420,-74
1739403113554,-74
1739403113677,-74
1739403113749,-74
1739403113818,-74
1739403113915,-74
1739403114011,-74
1739403114091,-74
1739403114163,-74
1739403114283,-74
1739403114353,-74
1739403114494,-74
1739403114573,-74
1739403114691,-74
1739403114750,-74
1739403114804,-74
1739403114917,-74
1739403115063,-74
1739403115188,-74
1739403115301,-74
1739403115371,-74
1739403115456,-74
1739403115589,-74
1739403115706,-74
1739403115781,-74
1739403115890,-74
1739403115950,-74
1739403116057,-74
1739403116184,-74
1739403116284,-74
1739403116356,-74
1739403116408,-74
1739403116533,-74
1739403116636,-74
1739403116747,-74
1739403116816,-74
1739403116948,-74
1739403117043,-74
1739403117095,-74
1739403117234,-74
1739403117297,-74
1739403117350,-74
1739403117488,-74
1739403117548,-74
1739403117633,-74
1739403117758,-74
1739403117900,-74
1739403118037,-74
1739403118112,-74
1739403118186,-74
1739403118242,-74
1739403118335,-74
1739403118419,-74
1739403118481,-74
1739403118531,-74
1739403118653,-74
1739403118732,-74
1739403118801,-74
1739403118911,-74
1739403119024,-74
1739403119167,-74
1739403119285,-74
1739403119404,-74
1739403119484,-74
1739403119595,-74
1739403119675,-74
1739403119807,-74
1739403119902,-74
1739403120031,-74
1739403120124,-74
1739403120246,-74
1739403120389,-74
1739403120500,-74
1739403120598,-74
1739403120737,-74
1739403120854,-74
1739403120959,-74
1739403121055,-74
1739403121132,-74
1739403121253,-74
1739403121358,-74
1739403121421,-74
1739403121541,-74
1739403121606,-74
1739403121742,-74
1739403121798,-74
1739403121854,-74
1739403121953,-74
1739403122088,-74
1739403122145,-74
1739403122206,-74
1739403122280,-74
1739403122346,-74
1739403122493,-74
1739403122570,-74
1739403122679,-74
1739403122747,-74
1739403122820,-74
1739403122876,-74
1739403122938,-74
1739403123016,-74
1739403123126,-74
1739403123221,-74
1739403123282,-74
1739403123348,-74
1739403123465,-74
1739403123519,-74
1739403123659,-74
1739403123777,-74
1739403123924,-74
1739403124073,-74
1739403124143,-74
1739403124230,-74
1739403124333,-74
1739403124411,-74
1739403124464,-74
1739403124554,-74
1739403124619,-74
1739403124686,-74
1739403124751,-74
1739403124866,-74
1739403124963,-74
1739403125077,-74
1739403125163,-74
1739403125267,-74
1739403125381,-74
1739403125471,-74
1739403125600,-74
1739403125731,-74
1739403125848,-74
1739403125902,-74
1739403126003,-74
1739403126076,-74
1739403126131,-74
1739403126182,-74
1739403126275,-74
1739403126346,-74
1739403126494,-74
1739403126629,-74
1739403126696,-74
1739403126846,-74
1739403126917,-74
1739403126984,-74
1739403127069,-74
1739403127207,-74
1739403127345,-74
1739403127455,-74
1739403127578,-74
1739403127708,-74
1739403127856,-74
1739403127994,-74
1739403128135,-74
1739403128194,-74
1739403128280,-74
1739403128369,-74
1739403128426,-74
1739403128561,-74
1739403128697,-74
1739403128787,-74
1739403128882,-74
1739403128980,-74
1739403129040,-74
1739403129104,-74
1739403129218,-74
1739403129305,-74
1739403129390,-74
1739403129529,-74
1739403129626,-74
1739403129739,-74
1739403129793,-74
1739403129882,-74
1739403129980,-74
1739403130033,-74
1739403130168,-74
1739403130295,-74
1739403130427,-74
1739403130491,-74
1739403130561,-74
1739403130642,-74
1739403130705,-74
1739403130800,-74
1739403130950,-74
1739403131091,-74
1739403131175,-74
1739403131302,-74
1739403131444,-74
1739403131497,-74
1739403131554,-74
1739403131702,-74
1739403131845,-74
1739403131980,-74
1739403132047,-74
1739403132113,-74
1739403132246,-74
1739403132302,-74
1739403132451,-74
1739403132511,-74
1739403132649,-74
1739403132739,-74
1739403132878,-74
1739403132959,-74
1739403133100,-74
1739403133211,-74
1739403133360,-74
1739403133416,-74
1739403133483,-74
1739403133614,-74
1739403133719,-74
1739403133784,-74
1739403133885,-74
1739403133952,-74
1739403134049,-74
1739403134183,-74
1739403134283,-74
1739403134405,-74
1739403134524,-74
1739403134663,-74
1739403134734,-74
1739403134809,-74
1739403134887,-74
1739403134942,-74
1739403135048,-74
1739403135172,-74
1739403135294,-74
1739403135369,-74
1739403135443,-74
1739403135523,-74
1739403135642,-74
1739403135777,-74
1739403135828,-74
1739403135956,-74
1739403136055,-74
1739403136126,-74
1739403136245,-74
1739403136346,-74
1739403136463,-74
1739403136565,-74
1739403136687,-74
1739403136750,-74
1739403136898,-74
1739403137029,-74
1739403137148,-74
1739403137290,-74
1739403137410,-74
1739403137556,-74
1739403137634,-74
1739403137777,-74
1739403137844,-74
1739403137943,-74
1739403138059,-74
1739403138182,-74
1739403138269,-74
1739403138396,-74
1739403138471,-74
1739403138566,-74
1739403138706,-74
1739403138804,-74
1739403138936,-74
1739403139054,-74
1739403139144,-74
1739403139268,-74
1739403139379,-74
1739403139502,-74
1739403139609,-74
1739403139704,-74
1739403139796,-74
1739403139920,-74
1739403140009,-74
1739403140097,-74
1739403140156,-74
1739403140271,-74
1739403140339,-74
1739403140434,-74
1739403140570,-74
1739403140633,-74
1739403140771,-74
1739403140908,-74
1739403141027,-74
1739403141125,-74
1739403141209,-74
1739403141328,-74
1739403141432,-74
1739403141507,-74
1739403141572,-74
1739403141675,-74
1739403141760,-74
1739403141882,-74
1739403141999,-74
1739403142128,-74
1739403142231,-74
1739403142302,-74
1739403142429,-74
1739403142546,-74
1739403142603,-74
1739403142705,-74
1739403142819,-74
1739403142874,-74
1739403142984,-74
1739403143062,-74
1739403143185,-74
1739403143293,-74
1739403143388,-74
1739403143483,-74
1739403143587,-74
1739403143717,-74
1739403143856,-74
1739403144001,-74
1739403144054,-74
1739403144132,-74
1739403144228,-74
1739403144375,-74
1739403144440,-74
1739403144564,-74
1739403144636,-74
1739403144774,-74
1739403144843,-74
1739403144923,-74
1739403144974,-74
1739403145086,-74
1739403145170,-74
1739403145291,-74
1739403145374,-74
1739403145443,-74
1739403145515,-74
1739403145644,-74
1739403145760,-74
1739403145887,-74
1739403146034,-74
1739403146103,-74
1739403146167,-74
1739403146309,-74
1739403146429,-74
1739403146513,-74
1739403146576,-74
1739403146694,-74
1739403146771,-74
1739403146841,-74
1739403146900,-74
1739403146977,-74
1739403147105,-74
1739403147231,-74
1739403147343,-74
1739403147403,-74
1739403147511,-74
1739403147638,-74
1739403147773,-74
1739403147859,-74
1739403147928,-74
1739403148007,-74
1739403148093,-74
1739403148154,-74
1739403148275,-74
1739403148346,-74
1739403148408,-74
1739403148490,-74
1739403148572,-74
1739403148630,-74
1739403148763,-74
1739403148842,-74
1739403148969,-74
1739403149078,-74
1739403149182,-74
1739403149307,-74
1739403149421,-74
1739403149550,-74
1739403149627,-74
1739403149773,-74
1739403149838,-74
1739403149973,-74
1739403150119,-74
1739403150197,-74
1739403150339,-74
1739403150415,-74
1739403150482,-74
1739403150583,-74
1739403150702,-74
1739403150803,-74
1739403150949,-74
1739403151041,-74
1739403151105,-74
1739403151246,-74
1739403151306,-74
1739403151358,-74
1739403151429,-74
1739403151535,-74
1739403151633,-74
1739403151730,-74
1739403151838,-74
1739403151908,-74
1739403152019,-74
1739403152112,-74
1739403152168,-74
1739403152310,-74
1739403152423,-74
1739403152566,-74
1739403152693,-74
1739403152812,-74
1739403152865,-74
1739403152930,-74
1739403153031,-74
1739403153117,-74
1739403153246,-74
1739403153325,-74
1739403153389,-74
1739403153510,-74
1739403153627,-74
1739403153760,-74
1739403153839,-74
1739403153900,-74
1739403153957,-74
1739403154012,-74
1739403154124,-74
1739403154189,-74
1739403154245,-74
1739403154394,-74
1739403154502,-74
1739403154584,-74
1739403154697,-74
1739403154823,-74
1739403154920,-74
1739403155042,-74
1739403155137,-74
1739403155261,-74
1739403155317,-74
1739403155410,-74
1739403155514,-74
1739403155582,-74
1739403155713,-74
1739403155797,-74
1739403155909,-74
1739403156023,-74
1739403156118,-74
1739403156179,-74
1739403156321,-74
1739403156402,-74
1739403156532,-74
1739403156669,-74
1739403156810,-74
1739403156866,-74
1739403156926,-74
1739403157051,-74
1739403157117,-74
1739403157205,-74
1739403157309,-74
1739403157379,-74
1739403157527,-74
1739403157606,-74
1739403157735,-74
1739403157845,-74
1739403157955,-74
1739403158062,-74
1739403158134,-74
1739403158225,-74
1739403158352,-74
1739403158475,-74
1739403158528,-74
1739403158589,-74
1739403158660,-74
1739403158712,-74
1739403158833,-74
1739403158975,-74
1739403159118,-74
1739403159168,-74
1739403159318,-74
1739403159445,-74
1739403159520,-74
1739403159593,-74
1739403159644,-74
1739403159720,-74
1739403159827,-74
1739403159914,-74
1739403159989,-74
1739403160042,-74
1739403160179,-74
1739403160269,-74
1739403160345,-74
1739403160449,-74
1739403160587,-74
1739403160661,-74
1739403160783,-74
1739403160871,-74
1739403161004,-74
1739403161068,-74
1739403161208,-74
1739403161311,-74
1739403161393,-74
1739403161467,-74
1739403161608,-74
1739403161670,-74
1739403161779,-74
1739403161911,-74
1739403162043,-74
1739403162118,-74
1739403162234,-74
1739403162332,-74
1739403162414,-74
1739403162552,-74
1739403162651,-74
1739403162738,-74
1739403162854,-74
1739403162995,-74
1739403163083,-74
1739403163139,-74
1739403163252,-74
1739403163391,-74
1739403163446,-74
1739403163534,-74
1739403163637,-74
1739403163769,-74
1739403163918,-74
1739403164025,-74
1739403164117,-74
1739403164214,-74
1739403164270,-74
1739403164405,-74
1739403164555,-74
1739403164672,-74
1739403164769,-74
1739403164899,-74
1739403165030,-74
1739403165131,-74
1739403165257,-74
1739403165344,-74
1739403165492,-74
1739403165542,-74
1739403165667,-74
1739403165817,-74
1739403165931,-74
1739403165985,-74
1739403166117,-74
1739403166215,-74
1739403166271,-74
1739403166383,-74
1739403166473,-74
1739403166564,-74
1739403166703,-74
1739403166797,-74
1739403166853,-74
1739403166942,-74
1739403167054,-74
1739403167198,-74
1739403167273,-74
1739403167416,-74
1739403167513,-74
1739403167629,-74
1739403167739,-74
1739403167797,-74
1739403167860,-74
1739403167927,-74
1739403168018,-74
1739403168085,-74
1739403168180,-74
1739403168294,-74
1739403168412,-74
1739403168556,-74
1739403168644,-74
1739403168768,-74
1739403168890,-74
1739403169027,-74
1739403169134,-74
1739403169272,-74
1739403169421,-74
1739403169475,-74
1739403169586,-74
1739403169673,-74
1739403169729,-74
1739403169840,-74
1739403169965,-74
1739403170019,-74
1739403170092,-74
1739403170153,-74
1739403170234,-74
1739403170358,-74
1739403170485,-74
1739403170596,-74
1739403170714,-74
1739403170818,-74
1739403170968,-74
1739403171063,-74
1739403171148,-74
1739403171293,-74
1739403171419,-74
1739403171489,-74
1739403171575,-74
1739403171704,-74
1739403171823,-74
1739403171903,-74
1739403172041,-74
1739403172146,-74
1739403172281,-74
1739403172379,-74
1739403172458,-74
1739403172562,-74
1739403172654,-74
1739403172737,-74
1739403172816,-74
1739403172881,-74
1739403173005,-74
1739403173101,-74
1739403173216,-74
1739403173325,-74
1739403173397,-74
1739403173489,-74
1739403173543,-74
1739403173632,-74
1739403173732,-74
1739403173799,-74
1739403173882,-74
1739403173980,-74
1739403174079,-74
1739403174131,-74
1739403174258,-74
1739403174341,-74
1739403174438,-74
1739403174502,-74
1739403174591,-74
1739403174731,-74
1739403174879,-74
1739403175023,-74
1739403175126,-74
1739403175261,-74
1739403175376,-74
1739403175498,-74
1739403175610,-74
1739403175751,-74
1739403175823,-74
1739403175939,-74
1739403176065,-74
1739403176127,-74
1739403176239,-74
1739403176343,-74
1739403176460,-74
1739403176571,-74
1739403176627,-74
1739403176721,-74
1739403176821,-74
1739403176917,-74
1739403176986,-74
1739403177046,-74
1739403177152,-74
1739403177257,-74
1739403177326,-74
1739403177411,-74
1739403177488,-74
1739403177573,-74
1739403177668,-74
1739403177730,-74
1739403177872,-74
1739403178004,-74
1739403178076,-74
1739403178220,-74
1739403178314,-74
1739403178412,-74
1739403178554,-74
1739403178608,-74
1739403178730,-74
1739403178838,-74
1739403178977,-74
1739403179057,-74
1739403179125,-74
1739403179227,-74
1739403179312,-74
1739403179377,-74
1739403179520,-74
1739403179587,-74
1739403179708,-74
1739403179770,-74
1739403179820,-74
1739403179943,-74
1739403180018,-74
1739403180127,-74
1739403180225,-74
1739403180284,-74
1739403180343,-74
1739403180471,-74
1739403180545,-74
1739403180643,-74
1739403180778,-74
1739403180896,-74
1739403181041,-74
1739403181141,-74
1739403181266,-74
1739403181395,-74
1739403181520,-74
1739403181603,-74
1739403181715,-74
1739403181848,-74
1739403181931,-74
1739403182040,-74
1739403182184,-74
1739403182251,-74
1739403182361,-74
1739403182502,-74
1739403182557,-74
1739403182621,-74
1739403182731,-74
1739403182812,-74
1739403182908,-74
1739403183038,-74
1739403183188,-74
1739403183276,-74
1739403183391,-74
1739403183488,-74
1739403183566,-74
1739403183670,-74
1739403183720,-74
1739403183815,-74
1739403183925,-74
1739403184009,-74
1739403184139,-74
1739403184248,-74
1739403184379,-74
1739403184485,-74
1739403184548,-74
1739403184624,-74
1739403184679,-74
1739403184791,-74
1739403184847,-74
1739403184987,-74
1739403185037,-74
1739403185087,-74
1739403185219,-74
1739403185306,-74
1739403185392,-74
1739403185499,-74
1739403185599,-74
1739403185685,-74
1739403185806,-74
1739403185860,-74
1739403185951,-74
1739403186073,-74
1739403186177,-74
1739403186300,-74
1739403186409,-74
1739403186494,-74
1739403186625,-74
1739403186711,-74
1739403186845,-74
1739403186949,-74
1739403187081,-74
1739403187191,-74
1739403187262,-74
1739403187391,-74
1739403187531,-74
1739403187677,-74
1739403187825,-74
1739403187887,-74
1739403187947,-74
1739403188022,-74
1739403188116,-74
1739403188183,-74
1739403188318,-74
1739403188461,-74
1739403188534,-74
1739403188640,-74
1739403188722,-74
1739403188841,-74
1739403188982,-74
1739403189070,-74
1739403189204,-74
1739403189257,-74
1739403189334,-74
1739403189473,-74
1739403189579,-74
1739403189678,-74
1739403189774,-74
1739403189913,-74
1739403189963,-74
1739403190034,-74
1739403190102,-74
1739403190156,-74
1739403190227,-74
1739403190298,-74
1739403190385,-74
1739403190480,-74
1739403190590,-74
1739403190707,-74
1739403190761,-74
1739403190814,-74
1739403190892,-74
1739403191028,-74
1739403191122,-74
1739403191257,-74
1739403191379,-74
1739403191498,-74
1739403191613,-74
1739403191743,-74
1739403191828,-74
1739403191969,-74
1739403192037,-74
1739403192186,-74
1739403192246,-74
1739403192370,-74
1739403192428,-74
1739403192512,-74
1739403192575,-74
1739403192724,-74
1739403192861,-74
1739403192945,-74
1739403193033,-74
1739403193139,-74
1739403193286,-74
1739403193417,-74
1739403193534,-74
1739403193625,-74
1739403193754,-74
1739403193885,-74
1739403194030,-74
1739403194167,-74
1739403194258,-74
1739403194311,-74
1739403194449,-74
1739403194501,-74
1739403194612,-74
1739403194695,-74
1739403194780,-74
1739403194918,-74
1739403195018,-74
1739403195118,-74
1739403195268,-74
1739403195361,-74
1739403195444,-74
1739403195573,-74
1739403195669,-74
1739403195790,-74
1739403195912,-74
1739403196013,-74
1739403196143,-74
1739403196287,-74
1739403196378,-74
1739403196442,-74
1739403196518,-74
1739403196645,-74
1739403196779,-74
1739403196885,-74
1739403196986,-74
1739403197040,-74
1739403197170,-74
1739403197256,-74
1739403197339,-74
1739403197419,-74
1739403197546,-74
1739403197642,-74
1739403197723,-74
1739403197826,-74
1739403197883,-74
1739403198027,-74
1739403198090,-74
1739403198170,-74
1739403198304,-74
1739403198380,-74
1739403198516,-74
1739403198572,-74
1739403198675,-74
1739403198767,-74
1739403198913,-74
1739403199011,-74
1739403199093,-74
1739403199218,-74
1739403199315,-74
1739403199423,-74
1739403199493,-74
1739403199611,-74
1739403199716,-74
1739403199768,-74
1739403199836,-74
1739403199952,-74
1739403200040,-74
1739403200145,-74
1739403200260,-74
1739403200369,-74
1739403200490,-74
1739403200546,-74
1739403200606,-74
1739403200745,-74
1739403200891,-74
1739403200980,-74
1739403201096,-74
1739403201146,-74
1739403201252,-74
1739403201304,-74
1739403201400,-74
1739403201534,-74
1739403201673,-74
1739403201802,-74
1739403201864,-74
1739403201940,-74
1739403202050,-74
1739403202111,-74
1739403202251,-74
1739403202370,-74
1739403202445,-74
1739403202517,-74
1739403202631,-74
1739403202768,-74
1739403202841,-74
1739403202919,-74
1739403202994,-74
1739403203048,-74
1739403203151,-74
1739403203208,-74
1739403203357,-74
1739403203471,-74
1739403203556,-74
1739403203654,-74
1739403203774,-74
1739403203892,-74
1739403203974,-74
1739403204051,-74
1739403204187,-74
1739403204315,-74
1739403204418,-74
1739403204556,-74
1739403204636,-74
1739403204747,-74
1739403204853,-74
1739403204916,-74
1739403205057,-74
1739403205157,-74
1739403205294,-74
1739403205351,-74
1739403205405,-74
1739403205531,-74
1739403205634,-74
1739403205714,-74
1739403205830,-74
1739403205901,-74
1739403206049,-74
1739403206134,-74
1739403206236,-74
1739403206317,-74
1739403206444,-74
1739403206533,-74
1739403206609,-74
1739403206745,-74
1739403206869,-74
1739403206956,-74
1739403207101,-74
1739403207216,-74
1739403207322,-74
1739403207397,-74
1739403207452,-74
1739403207594,-74
1739403207690,-74
1739403207773,-74
1739403207915,-74
1739403208063,-74
1739403208145,-74
1739403208207,-74
1739403208318,-74
1739403208377,-74
1739403208481,-74
1739403208536,-74
1739403208610,-74
1739403208743,-74
1739403208887,-74
1739403208970,-74
1739403209082,-74
1739403209136,-74
1739403209261,-74
1739403209361,-74
1739403209446,-74
1739403209593,-74
1739403209685,-74
1739403209809,-74
1739403209918,-74
1739403210043,-74
1739403210170,-74
1739403210254,-74
1739403210315,-74
1739403210402,-74
1739403210549,-74
1739403210669,-74
1739403210730,-74
1739403210845,-74
1739403210903,-74
1739403210955,-74
1739403211076,-74
1739403211217,-74
1739403211296,-74
1739403211417,-74
1739403211551,-74
1739403211687,-74
1739403211776,-74
1739403211882,-74
1739403211951,-74
1739403212058,-74
1739403212158,-74
1739403212210,-74
1739403212273,-74
1739403212354,-74
1739403212463,-74
1739403212608,-74
1739403212683,-74
1739403212778,-74
1739403212898,-74
1739403213002,-74
1739403213144,-74
1739403213209,-74
1739403213299,-74
1739403213429,-74
1739403213571,-74
1739403213672,-74
1739403213765,-74
1739403213821,-74
1739403213921,-74
1739403214058,-74
1739403214189,-74
1739403214263,-74
1739403214363,-74
1739403214485,-74
1739403214623,-74
1739403214681,-74
1739403214800,-74
1739403214909,-74
1739403215051,-74
1739403215199,-74
1739403215250,-74
1739403215340,-74
1739403215414,-74
1739403215479,-74
1739403215551,-74
1739403215681,-74
1739403215785,-74
1739403215860,-74
1739403215972,-74
1739403216121,-74
1739403216222,-74
1739403216301,-74
1739403216401,-74
1739403216460,-74
1739403216587,-74
1739403216699,-74
1739403216783,-74
1739403216930,-74
1739403217080,-74
1739403217227,-74
1739403217323,-74
1739403217433,-74
1739403217523,-74
1739403217610,-74
1739403217710,-74
1739403217771,-74
1739403217917,-74
1739403218065,-74
1739403218182,-74
1739403218302,-74
1739403218380,-74
1739403218444,-74
1739403218591,-74
1739403218735,-74
1739403218830,-74
1739403218962,-74
1739403219048,-74
1739403219166,-74
1739403219313,-74
1739403219420,-74
1739403219523,-74
1739403219601,-74
1739403219676,-74
1739403219806,-74
1739403219884,-74
1739403219989,-74
1739403220101,-74
1739403220181,-74
1739403220291,-74
1739403220373,-74
1739403220477,-74
1739403220550,-74
1739403220633,-74
1739403220761,-74
1739403220890,-74
1739403221026,-74
1739403221148,-74
1739403221227,-74
1739403221354,-74
1739403221404,-74
1739403221495,-74
1739403221610,-74
1739403221713,-74
1739403221788,-74
1739403221937,-74
1739403222024,-74
1739403222174,-74
1739403222307,-74
1739403222380,-74
1739403222434,-74
1739403222495,-74
1739403222594,-74
1739403222688,-74
1739403222754,-74
1739403222886,-74
1739403223025,-74
1739403223085,-74
1739403223235,-74
1739403223342,-74
1739403223477,-74
1739403223573,-74
1739403223668,-74
1739403223765,-74
1739403223835,-74
1739403223940,-74
1739403224014,-74
1739403224102,-74
1739403224172,-74
1739403224259,-74
1739403224387,-74
1739403224476,-74
1739403224556,-74
1739403224675,-74
1739403224725,-74
1739403224801,-74
1739403224859,-74
1739403224957,-74
1739403225016,-74
1739403225162,-74
1739403225217,-74
1739403225328,-74
1739403225470,-74
1739403225571,-74
1739403225625,-74
1739403225775,-74
1739403225921,-74
1739403226040,-74
1739403226141,-74
1739403226220,-74
1739403226292,-74
1739403226395,-74
1739403226518,-74
1739403226618,-74
1739403226768,-74
1739403226849,-74
1739403226974,-74
1739403227040,-74
1739403227179,-74
1739403227308,-74
1739403227455,-74
1739403227544,-74
1739403227664,-74
1739403227749,-74
1739403227848,-74
1739403227900,-74
1739403227970,-74
1739403228034,-74
1739403228136,-74
1739403228286,-74
1739403228402,-74
1739403228468,-74
1739403228598,-74
1739403228659,-74
1739403228737,-74
1739403228802,-74
1739403228885,-74
1739403228939,-74
1739403229027,-74
1739403229101,-74
1739403229153,-74
1739403229218,-74
1739403229317,-74
1739403229443,-74
1739403229495,-74
1739403229592,-74
1739403229732,-74
1739403229849,-74
1739403229915,-74
1739403230050,-74
1739403230136,-74
1739403230221,-74
1739403230288,-74
1739403230418,-74
1739403230473,-74
1739403230551,-74
1739403230694,-74
1739403230786,-74
1739403230924,-74
1739403230976,-74
1739403231121,-74
1739403231195,-74
1739403231284,-74
1739403231352,-74
1739403231407,-74
1739403231496,-74
1739403231553,-74
1739403231675,-74
1739403231764,-74
1739403231826,-74
1739403231931,-74
1739403232029,-74
1739403232079,-74
1739403232177,-74
1739403232283,-74
1739403232388,-74
1739403232503,-74
1739403232634,-74
1739403232765,-74
1739403232898,-74
1739403232963,-74
1739403233021,-74
1739403233104,-74
1739403233188,-74
1739403233307,-74
1739403233406,-74
1739403233480,-74
1739403233574,-74
1739403233676,-74
1739403233764,-74
1739403233869,-74
1739403233967,-74
1739403234071,-74
1739403234212,-74
1739403234313,-74
1739403234393,-74
1739403234512,-74
1739403234566,-74
1739403234620,-74
1739403234738,-74
1739403234850,-74
1739403234908,-74
1739403234991,-74
1739403235103,-74
1739403235226,-74
1739403235318,-74
1739403235402,-74
1739403235541,-74
1739403235670,-74
1739403235804,-74
1739403235950,-74
1739403236008,-74
1739403236097,-74
1739403236200,-74
1739403236256,-74
1739403236358,-74
1739403236486,-74
1739403236591,-74
1739403236648,-74
1739403236757,-74
1739403236868,-74
1739403237014,-74
1739403237075,-74
1739403237158,-74
1739403237294,-74
1739403237369,-74
1739403237453,-74
1739403237561,-74
1739403237666,-74
1739403237760,-74
1739403237851,-74
1739403237982,-74
1739403238068,-74
1739403238176,-74
1739403238302,-74
1739403238388,-74
1739403238438,-74
1739403238583,-74
1739403238714,-74
1739403238833,-74
1739403238936,-74
1739403239050,-74
1739403239156,-74
1739403239276,-74
1739403239385,-74
1739403239439,-74
1739403239501,-74
1739403239567,-74
1739403239679,-74
1739403239778,-74
1739403239904,-74
1739403239982,-74
1739403240047,-74
1739403240130,-74
1739403240244,-74
1739403240313,-74
1739403240403,-74
1739403240490,-74
1739403240636,-74
1739403240719,-74
1739403240812,-74
1739403240911,-74
1739403241037,-74
1739403241101,-74
1739403241169,-74
1739403241228,-74
1739403241321,-74
1739403241378,-74
1739403241479,-74
1739403241555,-74
1739403241647,-74
1739403241704,-74
1739403241852,-74
1739403241917,-74
1739403241999,-74
1739403242137,-74
1739403242272,-74
1739403242408,-74
1739403242461,-74
1739403242532,-74
1739403242647,-74
1739403242793,-74
1739403242857,-74
1739403242914,-74
1739403243054,-74
1739403243184,-74
1739403243285,-74
1739403243380,-74
1739403243516,-74
1739403243594,-74
1739403243657,-74
1739403243807,-74
1739403243889,-74
1739403243987,-74
1739403244137,-74
1739403244286,-74
1739403244345,-74
1739403244430,-74
1739403244531,-74
1739403244592,-74
1739403244732,-74
1739403244821,-74
1739403244885,-74
1739403244990,-74
1739403245070,-74
1739403245177,-74
1739403245277,-74
1739403245367,-74
1739403245485,-74
1739403245571,-74
1739403245636,-74
1739403245696,-74
1739403245810,-74
1739403245916,-74
1739403245966,-74
1739403246106,-74
1739403246240,-74
1739403246343,-74
1739403246448,-74
1739403246592,-74
1739403246735,-74
1739403246823,-74
1739403246924,-74
1739403246996,-74
1739403247126,-74
1739403247223,-74
1739403247366,-74
1739403247476,-74
1739403247584,-74
1739403247727,-74
1739403247823,-74
1739403247963,-74
1739403248067,-74
1739403248117,-74
1739403248170,-74
1739403248319,-74
1739403248457,-74
1739403248590,-74
1739403248703,-74
1739403248837,-74
1739403248889,-74
1739403249019,-74
1739403249143,-74
1739403249247,-74
1739403249389,-74
1739403249503,-74
1739403249594,-74
1739403249677,-74
1739403249807,-74
1739403249872,-74
1739403249956,-74
1739403250041,-74
1739403250126,-74
1739403250230,-74
1739403250295,-74
1739403250439,-74
1739403250510,-74
1739403250564,-74
1739403250677,-74
1739403250814,-74
1739403250910,-74
1739403251013,-74
1739403251084,-74
1739403251201,-74
1739403251320,-74
1739403251430,-74
1739403251573,-74
1739403251633,-74
1739403251769,-74
1739403251844,-74
1739403251965,-74
1739403252042,-74
1739403252169,-74
1739403252243,-74
1739403252340,-74
1739403252454,-74
1739403252585,-74
1739403252636,-74
1739403252759,-74
1739403252819,-74
1739403252962,-74
1739403253093,-74
1739403253200,-74
1739403253269,-74
1739403253362,-74
1739403253462,-74
1739403253611,-74
1739403253722,-74
1739403253811,-74
1739403253932,-74
1739403254020,-74
1739403254166,-74
1739403254292,-74
1739403254432,-74
1739403254557,-74
1739403254654,-74
1739403254719,-74
1739403254831,-74
1739403254891,-74
1739403255023,-74
1739403255116,-74
1739403255241,-74
1739403255372,-74
1739403255519,-74
1739403255585,-74
1739403255722,-74
1739403255844,-74
1739403255902,-74
1739403255956,-74
1739403256057,-74
1739403256126,-74
1739403256185,-74
1739403256318,-74
1739403256417,-74
1739403256470,-74
1739403256536,-74
1739403256642,-74
1739403256767,-74
1739403256907,-74
1739403256971,-74
1739403257053,-74
1739403257179,-74
1739403257314,-74
1739403257408,-74
1739403257522,-74
1739403257617,-74
1739403257741,-74
1739403257870,-74
1739403257964,-74
1739403258069,-74
1739403258194,-74
1739403258295,-74
1739403258422,-74
1739403258479,-74
1739403258601,-74
1739403258690,-74
1739403258754,-74
1739403258898,-74
1739403258962,-74
1739403259071,-74
1739403259190,-74
1739403259279,-74
1739403259406,-74
1739403259484,-74
1739403259570,-74
1739403259648,-74
1739403259714,-74
1739403259795,-74
1739403259860,-74
1739403259927,-74
1739403259999,-74
1739403260068,-74
1739403260151,-74
1739403260225,-74
1739403260334,-74
1739403260480,-74
1739403260549,-74
1739403260638,-74
1739403260721,-74
1739403260776,-74
1739403260916,-74
1739403260983,-74
1739403261042,-74
1739403261167,-74
1739403261224,-74
1739403261295,-74
1739403261368,-74
1739403261513,-74
1739403261615,-74
1739403261680,-74
1739403261779,-74
1739403261837,-74
1739403261981,-74
1739403262050,-74
1739403262103,-74
1739403262182,-74
1739403262312,-74
1739403262383,-74
1739403262482,-74
1739403262599,-74
1739403262729,-74
1739403262848,-74
1739403262996,-74
1739403263070,-74
1739403263190,-74
1739403263320,-74
1739403263448,-74
1739403263498,-74
1739403263556,-74
1739403263627,-74
1739403263750,-74
1739403263855,-74
1739403263930,-74
1739403263991,-74
1739403264069,-74
1739403264127,-74
1739403264214,-74
1739403264312,-74
1739403264419,-74
1739403264490,-74
1739403264549,-74
1739403264644,-74
1739403264707,-74
1739403264850,-74
1739403264990,-74
1739403265046,-74
1739403265130,-74
1739403265258,-74
1739403265314,-74
1739403265436,-74
1739403265546,-74
1739403265596,-74
1739403265672,-74
1739403265820,-74
1739403265923,-74
1739403265974,-74
1739403266081,-74
1739403266179,-74
1739403266309,-74
1739403266372,-74
1739403266502,-74
1739403266640,-74
1739403266694,-74
1739403266834,-74
1739403266972,-74
1739403267121,-74
1739403267254,-74
1739403267335,-74
1739403267393,-74
1739403267523,-74
1739403267667,-74
1739403267717,-74
1739403267793,-74
1739403267900,-74
1739403268035,-74
1739403268168,-74
1739403268220,-74
1739403268339,-74
1739403268487,-74
1739403268558,-74
1739403268630,-74
1739403268764,-74
1739403268911,-74
1739403268985,-74
1739403269049,-74
1739403269158,-74
1739403269220,-74
1739403269287,-74
1739403269375,-74
1739403269464,-74
1739403269614,-74
1739403269754,-74
1739403269864,-74
1739403269990,-74
1739403270042,-74
1739403270181,-74
1739403270331,-74
1739403270434,-74
1739403270574,-74
1739403270712,-74
1739403270779,-74
1739403270854,-74
1739403270965,-74
1739403271046,-74
1739403271158,-74
1739403271281,-74
1739403271391,-74
1739403271530,-74
1739403271668,-74
1739403271720,-74
1739403271834,-74
1739403271982,-74
1739403272090,-74
1739403272170,-74
1739403272239,-74
1739403272353,-74
1739403272445,-74
1739403272576,-74
1739403272631,-74
1739403272752,-74
1739403272833,-74
1739403272903,-74
1739403273012,-74
1739403273146,-74
1739403273277,-74
1739403273328,-74
1739403273401,-74
1739403273488,-74
1739403273552,-74
1739403273680,-74
1739403273788,-74
1739403273929,-74
1739403274018,-74
1739403274083,-74
1739403274227,-74
1739403274361,-74
1739403274447,-74
1739403274540,-74
1739403274618,-74
1739403274763,-74
1739403274849,-74
1739403274976,-74
1739403275109,-74
1739403275218,-74
1739403275309,-74
1739403275367,-74
1739403275464,-74
1739403275593,-74
1739403275659,-74
1739403275713,-74
1739403275841,-74
1739403275964,-74
1739403276105,-74
1739403276192,-74
1739403276280,-74
1739403276424,-74
1739403276557,-74
1739403276632,-74
1739403276769,-74
1739403276896,-74
1739403276997,-74
1739403277083,-74
1739403277150,-74
1739403277250,-74
1739403277316,-74
1739403277427,-74
1739403277561,-74
1739403277628,-74
1739403277753,-74
1739403277810,-74
1739403277939,-74
1739403278063,-74
1739403278136,-74
1739403278227,-74
1739403278360,-74
1739403278503,-74
1739403278553,-74
1739403278642,-74
1739403278710,-74
1739403278818,-74
1739403278896,-74
1739403278991,-74
1739403279096,-74
1739403279232,-74
1739403279371,-74
1739403279435,-74
1739403279562,-74
1739403279616,-74
1739403279766,-74
1739403279832,-74
1739403279919,-74
1739403280019,-74
1739403280094,-74
1739403280219,-74
1739403280297,-74
1739403280387,-74
1739403280469,-74
1739403280589,-74
1739403280661,-74
1739403280721,-74
1739403280823,-74
1739403280944,-74
1739403281032,-74
1739403281141,-74
1739403281212,-74
1739403281293,-74
1739403281414,-74
1739403281563,-74
1739403281627,-74
1739403281737,-74
1739403281811,-74
1739403281906,-74
1739403281976,-74
1739403282037,-74
1739403282161,-74
1739403282278,-74
1739403282388,-74
1739403282526,-74
1739403282652,-74
1739403282757,-74
1739403282893,-74
1739403282970,-74
1739403283064,-74
1739403283168,-74
1739403283227,-74
1739403283343,-74
1739403283417,-74
1739403283477,-74
1739403283550,-74
1739403283629,-74
1739403283749,-74
1739403283832,-74
1739403283958,-74
1739403284022,-74
1739403284146,-74
1739403284243,-74
1739403284333,-74
1739403284432,-74
1739403284573,-74
1739403284686,-74
1739403284819,-74
1739403284953,-74
1739403285059,-74
1739403285197,-74
1739403285275,-74
1739403285326,-74
1739403285411,-74
1739403285503,-74
1739403285610,-74
1739403285702,-74
1739403285798,-74
1739403285929,-74
1739403285989,-74
1739403286088,-74
1739403286216,-74
1739403286336,-74
1739403286427,-74
1739403286572,-74
1739403286691,-74
1739403286835,-74
1739403286900,-74
1739403286971,-74
1739403287077,-74
1739403287221,-74
1739403287358,-74
1739403287470,-74
1739403287607,-74
1739403287658,-74
1739403287765,-74
1739403287903,-74
1739403287998,-74
1739403288077,-74
1739403288224,-74
1739403288350,-74
1739403288433,-74
1739403288568,-74
1739403288655,-74
1739403288725,-74
1739403288816,-74
1739403288945,-74
1739403289077,-74
1739403289189,-74
1739403289315,-74
1739403289387,-74
1739403289473,-74
1739403289555,-74
1739403289611,-74
1739403289736,-74
1739403289848,-74
1739403289975,-74
1739403290085,-74
1739403290171,-74
1739403290302,-74
1739403290447,-74
1739403290548,-74
1739403290675,-74
1739403290779,-74
1739403290920,-74
1739403291042,-74
1739403291117,-74
1739403291250,-74
1739403291322,-74
1739403291437,-74
1739403291550,-74
1739403291652,-74
1739403291717,-74
1739403291788,-74
1739403291899,-74
1739403292048,-74
1739403292121,-74
1739403292254,-74
1739403292315,-74
1739403292368,-74
1739403292419,-74
1739403292557,-74
1739403292659,-74
1739403292744,-74
1739403292811,-74
1739403292925,-74
1739403292976,-74
1739403293105,-74
1739403293249,-74
1739403293309,-74
1739403293421,-74
1739403293519,-74
1739403293636,-74
1739403293778,-74
1739403293862,-74
1739403293914,-74
1739403293985,-74
1739403294102,-74
1739403294182,-74
1739403294243,-74
1739403294361,-74
1739403294434,-74
1739403294529,-74
1739403294593,-74
1739403294651,-74
1739403294709,-74
1739403294835,-74
1739403294897,-74
1739403295025,-74
1739403295109,-74
1739403295236,-74
1739403295297,-74
1739403295398,-74
1739403295475,-74
1739403295578,-74
1739403295693,-74
1739403295827,-74
1739403295912,-74
1739403295994,-74
1739403296069,-74
1739403296144,-74
1739403296291,-74
1739403296403,-74
1739403296530,-74
1739403296614,-74
1739403296675,-74
1739403296802,-74
1739403296903,-74
1739403296970,-74
1739403297058,-74
1739403297204,-74
1739403297285,-74
1739403297426,-74
1739403297568,-74
1739403297620,-74
1739403297763,-74
1739403297861,-74
1739403297941,-74
1739403297994,-74
1739403298066,-74
1739403298149,-74
1739403298284,-74
1739403298357,-74
1739403298442,-74
1739403298492,-74
1739403298595,-74
1739403298689,-74
1739403298780,-74
1739403298884,-74
1739403298993,-74
1739403299089,-74
1739403299177,-74
1739403299293,-74
1739403299408,-74
1739403299521,-74
1739403299629,-74
1739403299702,-74
1739403299806,-74
1739403299869,-74
1739403299986,-74
1739403300122,-74
1739403300198,-74
1739403300337,-74
1739403300402,-74
1739403300517,-74
1739403300660,-74
1739403300732,-74
1739403300784,-74
1739403300904,-74
1739403301002,-74
1739403301105,-74
1739403301230,-74
1739403301340,-74
1739403301450,-74
1739403301596,-74
1739403301700,-74
1739403301763,-74
1739403301881,-74
1739403302030,-74
1739403302174,-74
1739403302254,-74
1739403302337,-74
1739403302463,-74
1739403302530,-74
1739403302595,-74
1739403302705,-74
1739403302825,-74
1739403302886,-74
1739403303022,-74
1739403303083,-74
1739403303149,-74
1739403303278,-74
1739403303402,-74
1739403303481,-74
1739403303542,-74
1739403303654,-74
1739403303716,-74
1739403303817,-74
1739403303891,-74
1739403303959,-74
1739403304043,-74
1739403304137,-74
1739403304190,-74
1739403304245,-74
1739403304328,-74
1739403304473,-74
1739403304529,-74
1739403304647,-74
1739403304730,-74
1739403304851,-74
1739403304903,-74
1739403305009,-74
1739403305159,-74
1739403305271,-74
1739403305375,-74
1739403305523,-74
1739403305625,-74
1739403305750,-74
1739403305896,-74
1739403306036,-74
1739403306130,-74
1739403306223,-74
1739403306331,-74
1739403306393,-74
1739403306495,-74
1739403306603,-74
1739403306661,-74
1739403306742,-74
1739403306892,-74
1739403307008,-74
1739403307109,-74
1739403307192,-74
1739403307251,-74
1739403307384,-74
1739403307487,-74
1739403307570,-74
1739403307705,-74
1739403307833,-74
1739403307901,-74
1739403307980,-74
1739403308033,-74
1739403308154,-74
1739403308293,-74
1739403308399,-74
1739403308544,-74
1739403308644,-74
1739403308772,-74
1739403308886,-74
1739403309006,-74
1739403309072,-74
1739403309193,-74
1739403309274,-74
1739403309383,-74
1739403309469,-74
1739403309578,-74
1739403309653,-74
1739403309779,-74
1739403309847,-74
1739403309936,-74
1739403310027,-74
1739403310112,-74
1739403310227,-74
1739403310330,-74
1739403310402,-74
1739403310505,-74
1739403310644,-74
1739403310773,-74
1739403310863,-74
1739403310919,-74
1739403311019,-74
1739403311088,-74
1739403311217,-74
1739403311357,-74
1739403311435,-74
1739403311525,-74
1739403311591,-74
1739403311688,-74
1739403311821,-74
1739403311919,-74
1739403311990,-74
1739403312042,-74
1739403312184,-74
1739403312263,-74
1739403312325,-74
1739403312456,-74
1739403312599,-74
1739403312700,-74
1739403312793,-74
1739403312912,-74
1739403312987,-74
1739403313076,-74
1739403313136,-74
1739403313220,-74
1739403313275,-74
1739403313399,-74
1739403313541,-74
1739403313618,-74
1739403313743,-74
1739403313849,-74
1739403313904,-74
1739403314019,-74
1739403314143,-74
1739403314214,-74
1739403314355,-74
1739403314434,-74
1739403314580,-74
1739403314723,-74
1739403314805,-74
1739403314953,-74
1739403315046,-74
1739403315133,-74
1739403315237,-74
1739403315346,-74
1739403315443,-74
1739403315537,-74
1739403315629,-74
1739403315686,-74
1739403315811,-74
1739403315875,-74
1739403315954,-74
1739403316053,-74
1739403316181,-74
1739403316246,-74
1739403316341,-74
1739403316418,-74
1739403316514,-74
1739403316599,-74
1739403316711,-74
1739403316782,-74
1739403316916,-74
1739403317039,-74
1739403317187,-74
1739403317332,-74
1739403317406,-74
1739403317524,-74
1739403317632,-74
1739403317755,-74
1739403317895,-74
1739403317974,-74
1739403318103,-74
1739403318224,-74
1739403318331,-74
1739403318442,-74
1739403318515,-74
1739403318590,-74
1739403318644,-74
1739403318781,-74
1739403318853,-74
1739403318913,-74
1739403318984,-74
1739403319092,-74
1739403319218,-74
1739403319301,-74
1739403319437,-74
1739403319582,-74
1739403319707,-74
1739403319814,-74
1739403319882,-74
1739403320009,-74
1739403320135,-74
1739403320204,-74
1739403320319,-74
1739403320385,-74
1739403320478,-74
1739403320595,-74
1739403320684,-74
1739403320734,-74
1739403320883,-74
1739403320976,-74
1739403321068,-74
1739403321176,-74
1739403321308,-74
1739403321399,-74
1739403321487,-74
1739403321539,-74
1739403321610,-74
1739403321752,-74
1739403321821,-74
1739403321958,-74
1739403322043,-74
1739403322100,-74
1739403322162,-74
1739403322300,-74
1739403322380,-74
1739403322504,-74
1739403322566,-74
1739403322640,-74
1739403322770,-74
1739403322858,-74
1739403322956,-74
1739403323082,-74
1739403323227,-74
1739403323280,-74
1739403323334,-74
1739403323409,-74
1739403323510,-74
1739403323581,-74
1739403323676,-74
1739403323817,-74
1739403323873,-74
1739403323978,-74
1739403324037,-74
1739403324134,-74
1739403324268,-74
1739403324387,-74
1739403324521,-74
1739403324657,-74
1739403324785,-74
1739403324877,-74
1739403325013,-74
1739403325149,-74
1739403325206,-74
1739403325305,-74
1739403325421,-74
1739403325478,-74
1739403325554,-74
1739403325649,-74
1739403325792,-74
1739403325921,-74
1739403325995,-74
1739403326110,-74
1739403326172,-74
1739403326242,-74
1739403326323,-74
1739403326382,-74
1739403326475,-74
1739403326532,-74
1739403326643,-74
1739403326731,-74
1739403326801,-74
1739403326920,-74
1739403326990,-74
1739403327095,-74
1739403327157,-74
1739403327290,-74
1739403327395,-74
1739403327526,-74
1739403327635,-74
1739403327721,-74
1739403327823,-74
1739403327943,-74
1739403328031,-74
1739403328148,-74
1739403328215,-74
1739403328310,-74
1739403328450,-74
1739403328592,-74
1739403328722,-74
1739403328811,-74
1739403328882,-74
1739403329018,-74
1739403329105,-74
1739403329255,-74
1739403329401,-74
1739403329473,-74
1739403329538,-74
1739403329625,-74
1739403329735,-74
1739403329820,-74
1739403329897,-74
1739403330034,-74
1739403330099,-74
1739403330214,-74
1739403330273,-74
1739403330403,-74
1739403330491,-74
1739403330554,-74
1739403330686,-74
1739403330823,-74
1739403330949,-74
1739403331094,-74
1739403331210,-74
1739403331341,-74
1739403331451,-74
1739403331595,-74
1739403331660,-74
1739403331775,-74
1739403331869,-74
1739403331980,-74
1739403332087,-74
1739403332163,-74
1739403332216,-74
1739403332277,-74
1739403332328,-74
1739403332409,-74
1739403332550,-74
1739403332695,-74
1739403332759,-74
1739403332906,-74
1739403332977,-74
1739403333105,-74
1739403333194,-74
1739403333307,-74
1739403333430,-74
1739403333555,-74
1739403333676,-74
1739403333792,-74
1739403333935,-74
1739403334032,-74
1739403334106,-74
1739403334206,-74
1739403334321,-74
1739403334461,-74
1739403334517,-74
1739403334609,-74
1739403334743,-74
1739403334799,-74
1739403334927,-74
1739403335058,-74
1739403335146,-74
1739403335244,-74
1739403335367,-74
1739403335467,-74
1739403335558,-74
1739403335613,-74
1739403335670,-74
1739403335753,-74
1739403335872,-74
1739403335979,-74
1739403336113,-74
1739403336175,-74
1739403336281,-74
1739403336405,-74
1739403336494,-74
1739403336577,-74
1739403336638,-74
1739403336769,-74
1739403336866,-74
1739403336940,-74
1739403337078,-74
1739403337178,-74
1739403337303,-74
1739403337371,-74
1739403337483,-74
1739403337604,-74
1739403337717,-74
1739403337806,-74
1739403337891,-74
1739403338019,-74
1739403338104,-74
1739403338184,-74
1739403338243,-74
1739403338336,-74
1739403338475,-74
1739403338545,-74
1739403338629,-74
1739403338770,-74
1739403338917,-74
1739403338974,-74
1739403339060,-74
1739403339133,-74
1739403339216,-74
1739403339283,-74
1739403339420,-74
1739403339567,-74
1739403339677,-74
1739403339799,-74
1739403339928,-74
1739403340065,-74
1739403340200,-74
1739403340272,-74
1739403340360,-74
1739403340426,-71
1739403340481,-74
1739403340585,-74
1739403340661,-74
1739403340776,-74
1739403340831,-74
1739403340941,-74
1739403341065,-74
1739403341195,-74
1739403341278,-74
1739403341419,-74
1739403341435,-71
